URL	Images	Last Mod.
https://bureauwenv.wizzinc-dev2.nl/kennisbank/zelfdoding-is-de-nummer-een-doodsoorzaak-onder-tieners-en-twintigers/	1	2025-09-16 07:34 +00:00
https://bureauwenv.wizzinc-dev2.nl/kennisbank_intern/telefonische-agressie-training/	0	2025-10-21 12:38 +00:00
https://bureauwenv.wizzinc-dev2.nl/kennisbank_intern/hospitality-training-2/	0	2025-10-21 12:51 +00:00
https://bureauwenv.wizzinc-dev2.nl/kennisbank_intern/weerbaarheid-op-de-werkvloer/	0	2025-10-21 13:01 +00:00
https://bureauwenv.wizzinc-dev2.nl/kennisbank_intern/generatieverschillen-op-de-werkvloer/	1	2025-10-21 13:03 +00:00
https://bureauwenv.wizzinc-dev2.nl/kennisbank_intern/mediationvaardigheden-conflicten-oplossen/	0	2025-10-21 13:16 +00:00
https://bureauwenv.wizzinc-dev2.nl/kennisbank_intern/grip-op-gedoe-2/	2	2025-10-21 13:20 +00:00
https://bureauwenv.wizzinc-dev2.nl/kennisbank_intern/verzuimpreventie-en-inzetbaarheidsgesprekken/	2	2025-10-21 13:26 +00:00
https://bureauwenv.wizzinc-dev2.nl/kennisbank_intern/overtuigend-presenteren-met-rust/	2	2025-10-21 13:34 +00:00
https://bureauwenv.wizzinc-dev2.nl/kennisbank_intern/praktisch-leiderschap-sturen-met-rust-richting-en-resultaat/	0	2025-10-21 13:38 +00:00
https://bureauwenv.wizzinc-dev2.nl/kennisbank_intern/sociale-veiligheid-op-de-werkvloer-2/	0	2025-10-21 13:45 +00:00
https://bureauwenv.wizzinc-dev2.nl/kennisbank_intern/grensoverschrijdend-gedrag-herkennen/	0	2025-10-21 13:50 +00:00
https://bureauwenv.wizzinc-dev2.nl/kennisbank_intern/lastige-gesprekken-voeren-2/	0	2025-10-21 13:56 +00:00
https://bureauwenv.wizzinc-dev2.nl/kennisbank_intern/omgaan-met-fysieke-agressie-2/	0	2025-10-21 14:01 +00:00
https://bureauwenv.wizzinc-dev2.nl/kennisbank_intern/grip-op-stress-en-werkdruk-2/	0	2025-10-21 14:04 +00:00
https://bureauwenv.wizzinc-dev2.nl/kennisbank_intern/veilig-huisbezoek-2/	0	2025-10-21 14:08 +00:00
https://bureauwenv.wizzinc-dev2.nl/kennisbank_intern/opvang-en-nazorg-bieden-2/	0	2025-10-21 14:17 +00:00
https://bureauwenv.wizzinc-dev2.nl/kennisbank_intern/feedback-training-2/	0	2025-10-21 14:21 +00:00
https://bureauwenv.wizzinc-dev2.nl/kennisbank_intern/effectief-communiceren-2/	0	2025-10-21 14:24 +00:00
https://bureauwenv.wizzinc-dev2.nl/kennisbank_intern/omgaan-met-telefonische-agressie-2/	0	2025-10-21 14:27 +00:00
https://bureauwenv.wizzinc-dev2.nl/kennisbank_intern/omgaan-met-telefonische-agressie-professioneel-rustig-en-met-regie-reageren/	0	2025-10-21 14:30 +00:00
https://bureauwenv.wizzinc-dev2.nl/kennisbank_intern/omgaan-met-verward-gedrag-bij-middelengebruik-2/	0	2025-10-21 14:36 +00:00
https://bureauwenv.wizzinc-dev2.nl/kennisbank_intern/omgaan-met-onbegrepen-gedrag-bij-dementie-2/	0	2025-10-21 14:39 +00:00
https://bureauwenv.wizzinc-dev2.nl/kennisbank_intern/ait-basistraining-stevig-samenwerken/	0	2025-10-21 14:43 +00:00
https://bureauwenv.wizzinc-dev2.nl/kennisbank_intern/assertiviteitstraining-met-rust-en-duidelijkheid/	0	2025-10-21 14:47 +00:00
https://bureauwenv.wizzinc-dev2.nl/kennisbank_intern/supermarkt-safari-gezonder-kiezen/	0	2025-10-21 14:49 +00:00
https://bureauwenv.wizzinc-dev2.nl/kennisbank_intern/ontspannen-in-10-minuten/	0	2025-10-21 14:52 +00:00
https://bureauwenv.wizzinc-dev2.nl/kennisbank_intern/ademhaling-en-rust/	0	2025-10-21 14:56 +00:00
https://bureauwenv.wizzinc-dev2.nl/kennisbank_intern/mindfulness-op-het-werk/	0	2025-10-21 14:58 +00:00
https://bureauwenv.wizzinc-dev2.nl/team/marieke-van-leeuwen/	1	2025-10-29 12:30 +00:00
https://bureauwenv.wizzinc-dev2.nl/team/koen-van-weerden/	1	2025-10-29 12:30 +00:00
https://bureauwenv.wizzinc-dev2.nl/team/youri-woesthuis/	1	2025-10-29 12:38 +00:00
https://bureauwenv.wizzinc-dev2.nl/team/sandra-den-dulk/	1	2025-10-29 12:38 +00:00
https://bureauwenv.wizzinc-dev2.nl/team/cindy-woesthuis/	1	2025-10-29 12:40 +00:00
https://bureauwenv.wizzinc-dev2.nl/team/jeroen-woesthuis/	1	2025-10-29 12:41 +00:00
https://bureauwenv.wizzinc-dev2.nl/team/lucien-ost/	1	2025-10-29 12:49 +00:00
https://bureauwenv.wizzinc-dev2.nl/kennisbank/7-krachtige-strategieen-voor-sterke-teams/	1	2025-10-29 14:06 +00:00
https://bureauwenv.wizzinc-dev2.nl/kennisbank/samen-werken-aan-vertrouwen/	1	2025-10-29 14:11 +00:00
https://bureauwenv.wizzinc-dev2.nl/kennisbank/met-vertrouwen-op-pad/	1	2025-10-29 14:22 +00:00
https://bureauwenv.wizzinc-dev2.nl/kennisbank/goed-zorgen-na-een-ingrijpend-incident/	1	2025-10-29 14:24 +00:00
https://bureauwenv.wizzinc-dev2.nl/kennisbank/balans-energie-en-regie-in-drukke-tijden/	1	2025-10-29 14:25 +00:00
https://bureauwenv.wizzinc-dev2.nl/kennisbank/professioneel-blijven-aan-de-lijn/	1	2025-10-29 14:25 +00:00
https://bureauwenv.wizzinc-dev2.nl/kennisbank/richting-geven-met-rust-vertrouwen-en-resultaat/	1	2025-10-29 14:26 +00:00
https://bureauwenv.wizzinc-dev2.nl/kennisbank/rustig-duidelijk-en-effectief-communiceren/	1	2025-10-29 14:26 +00:00
https://bureauwenv.wizzinc-dev2.nl/kennisbank/grensoverschrijdend-gedrag-herkennen-en-aanpakken-2/	1	2025-10-29 14:26 +00:00
https://bureauwenv.wizzinc-dev2.nl/kennisbank/professioneel-reageren-in-gespannen-situaties/	1	2025-10-29 14:27 +00:00
https://bureauwenv.wizzinc-dev2.nl/kennisbank/spanning-ombuigen-naar-samenwerking/	1	2025-10-29 14:27 +00:00
https://bureauwenv.wizzinc-dev2.nl/kennisbank/van-controle-naar-contact/	1	2025-10-29 14:31 +00:00
https://bureauwenv.wizzinc-dev2.nl/kennisbank/gastvrij-en-professioneel-handelen/	1	2025-10-29 14:32 +00:00
https://bureauwenv.wizzinc-dev2.nl/kennisbank/samenwerken-zonder-energie-te-verliezen/	1	2025-10-29 14:34 +00:00
https://bureauwenv.wizzinc-dev2.nl/kennisbank/weerbaarheid-op-de-werkvloer-een-vaardigheid-die-je-samen-ontwikkelt/	1	2025-10-29 14:38 +00:00
https://bureauwenv.wizzinc-dev2.nl/kennisbank/professioneel-blijven-als-het-gesprek-uit-de-hand-loopt/	1	2025-10-29 14:40 +00:00
https://bureauwenv.wizzinc-dev2.nl/kennisbank/balans-houden-in-een-volle-werkdag/	1	2025-10-29 14:43 +00:00
https://bureauwenv.wizzinc-dev2.nl/kennisbank/richting-geven-met-rust-helderheid-en-vertrouwen/	1	2025-10-29 14:45 +00:00
https://bureauwenv.wizzinc-dev2.nl/kennisbank/professioneel-en-bekwaam-blijven-als-de-stoppen-doorslaan/	1	2025-10-29 14:56 +00:00
https://bureauwenv.wizzinc-dev2.nl/kennisbank/werken-met-mensen-onder-invloed/	1	2025-10-29 14:58 +00:00
https://bureauwenv.wizzinc-dev2.nl/kennisbank/omgaan-met-onbegrepen-gedrag-bij-dementie-blog/	1	2025-10-29 15:01 +00:00
https://bureauwenv.wizzinc-dev2.nl/kennisbank/het-belang-van-een-agressie-interventie-team/	1	2025-10-29 15:05 +00:00
https://bureauwenv.wizzinc-dev2.nl/kennisbank/waarom-goede-opvang-en-nazorg-na-een-incident-het-verschil-maakt/	1	2025-10-29 15:06 +00:00
https://bureauwenv.wizzinc-dev2.nl/kennisbank/hoe-bouw-je-een-sterke-cultuur/	1	2025-10-29 15:09 +00:00
https://bureauwenv.wizzinc-dev2.nl/kennisbank/waarom-een-meld-en-aangiftebeleid-bij-agressie-onmisbaar-is/	1	2025-10-29 15:11 +00:00
https://bureauwenv.wizzinc-dev2.nl/kennisbank/omgaan-met-generatieverschillen-samenwerken-tussen-jong-en-oud-2/	1	2025-10-29 15:15 +00:00
https://bureauwenv.wizzinc-dev2.nl/kennisbank/conflicten-begeleiden-voordat-ze-escaleren/	1	2025-10-29 15:18 +00:00
https://bureauwenv.wizzinc-dev2.nl/team/constant-cornelissen/	1	2025-11-03 07:38 +00:00
https://bureauwenv.wizzinc-dev2.nl/kennisbank/wat-professionele-weerbaarheid-echt-betekent/	1	2026-01-06 08:00 +00:00
https://bureauwenv.wizzinc-dev2.nl/kennisbank/grenzen-stellen-zonder-spanning-te-creeren/	1	2026-01-08 08:00 +00:00
https://bureauwenv.wizzinc-dev2.nl/kennisbank/wat-te-doen-als-emoties-oplopen/	1	2026-01-13 08:00 +00:00
https://bureauwenv.wizzinc-dev2.nl/kennisbank/hoe-je-rustig-blijft-in-stressvolle-situaties/	1	2026-01-15 08:00 +00:00
https://bureauwenv.wizzinc-dev2.nl/kennisbank/hoe-teams-elkaar-sterker-maken-in-lastige-situaties/	1	2026-01-20 08:00 +00:00
https://bureauwenv.wizzinc-dev2.nl/kennisbank/weerbaarheid-in-de-zorg-professioneel-blijven-met-aandacht/	1	2026-01-22 08:00 +00:00
https://bureauwenv.wizzinc-dev2.nl/kennisbank/de-balans-tussen-begrip-en-begrenzing/	1	2026-01-27 08:00 +00:00
https://bureauwenv.wizzinc-dev2.nl/kennisbank/wanneer-emoties-het-gesprek-overnemen-wat-helpt-jou-om-professioneel-te-blijven/	1	2026-01-29 08:00 +00:00
https://bureauwenv.wizzinc-dev2.nl/kennisbank/waarom-veiligheid-in-teams-begint-bij-eerlijkheid/	1	2026-02-03 08:00 +00:00
https://bureauwenv.wizzinc-dev2.nl/kennisbank/wat-doe-je-als-een-collega-over-jouw-grens-gaat/	1	2026-02-05 08:00 +00:00
https://bureauwenv.wizzinc-dev2.nl/kennisbank/wat-sterke-teams-doen-als-het-spannend-wordt/	1	2026-02-10 20:00 +00:00
https://bureauwenv.wizzinc-dev2.nl/kennisbank/als-spanning-blijft-hangen-na-een-incident/	1	2026-02-12 08:00 +00:00
https://bureauwenv.wizzinc-dev2.nl/kennisbank/de-collega-die-rustig-bleef-tijdens-het-oefengesprek/	1	2026-02-17 08:00 +00:00
https://bureauwenv.wizzinc-dev2.nl/kennisbank/waarom-beleid-pas-werkt-als-gedrag-volgt/	1	2026-02-19 08:00 +00:00
https://bureauwenv.wizzinc-dev2.nl/kennisbank/hoe-je-beleid-levend-houdt-in-de-dagelijkse-praktijk/	1	2026-02-24 08:00 +00:00
https://bureauwenv.wizzinc-dev2.nl/kennisbank/de-rol-van-leiderschap-in-een-veilige-organisatiecultuur/	1	2026-02-26 08:00 +00:00
https://bureauwenv.wizzinc-dev2.nl/kennisbank/wanneer-voelt-een-organisatie-echt-veilig/	1	2026-03-03 08:00 +00:00
https://bureauwenv.wizzinc-dev2.nl/kennisbank/de-korte-nabespreking-die-werkt/	1	2026-03-05 08:00 +00:00
https://bureauwenv.wizzinc-dev2.nl/kennisbank/waarom-melden-begint-bij-vertrouwen/	1	2026-03-10 08:00 +00:00
https://bureauwenv.wizzinc-dev2.nl/kennisbank/wat-leiders-kunnen-leren-van-incidenten/	1	2026-03-12 08:00 +00:00
https://bureauwenv.wizzinc-dev2.nl/kennisbank/waarom-waardering-geen-luxe-is-maar-noodzaak/	1	2026-03-17 08:00 +00:00
https://bureauwenv.wizzinc-dev2.nl/kennisbank/de-kracht-van-een-goede-dagstart/	1	2026-03-19 08:00 +00:00
https://bureauwenv.wizzinc-dev2.nl/kennisbank/grenzen-stellen-zonder-schuldgevoel/	1	2026-03-24 08:00 +00:00
https://bureauwenv.wizzinc-dev2.nl/kennisbank/waarom-nieuwsgierigheid-je-beste-werkvaardigheid-is/	1	2026-03-26 08:00 +00:00
https://bureauwenv.wizzinc-dev2.nl/kennisbank/verandering-vraagt-veerkracht-maar-vooral-realisme/	1	2026-03-31 08:00 +00:00
https://bureauwenv.wizzinc-dev2.nl/kennisbank/wanneer-beleid-echt-gedragen-wordt-van-document-naar-dagelijks-gedrag/	1	2026-04-02 08:00 +00:00
https://bureauwenv.wizzinc-dev2.nl/kennisbank/de-kracht-van-voorspelbaar-leiderschap-waarom-duidelijk-gedrag-vertrouwen-wekt/	1	2026-04-07 08:00 +00:00
https://bureauwenv.wizzinc-dev2.nl/kennisbank/de-rol-van-hr-in-moderne-organisatieontwikkeling-van-structuur-naar-gedrag/	1	2026-04-09 08:00 +00:00
https://bureauwenv.wizzinc-dev2.nl/kennisbank/leren-als-organisatie-ontwikkeling-stopt-niet-na-de-training/	1	2026-04-14 08:00 +00:00
https://bureauwenv.wizzinc-dev2.nl/kennisbank/teams-die-zichzelf-sturen-hebben-duidelijke-kaders-nodig/	1	2026-04-16 08:00 +00:00
https://bureauwenv.wizzinc-dev2.nl/kennisbank/wat-je-ziet-als-je-aanbelt-signalen-herkennen-bij-onrust/	1	2026-04-21 08:00 +00:00
https://bureauwenv.wizzinc-dev2.nl/kennisbank/de-rol-van-organisaties-in-veilig-werken-buiten-kantoor/	1	2026-04-23 08:00 +00:00
https://bureauwenv.wizzinc-dev2.nl/kennisbank/flexibele-contracten-en-veiligheid-in-wisselende-teams/	1	2026-04-28 08:00 +00:00
https://bureauwenv.wizzinc-dev2.nl/kennisbank/wanneer-werk-en-prive-in-elkaar-overlopen/	1	2026-04-30 08:00 +00:00
https://bureauwenv.wizzinc-dev2.nl/kennisbank/wanneer-ontwikkeling-belangrijker-wordt-dan-doorgroeien/	1	2026-05-05 08:00 +00:00
https://bureauwenv.wizzinc-dev2.nl/kennisbank/als-de-robot-meeluistert/	1	2026-05-07 08:00 +00:00
https://bureauwenv.wizzinc-dev2.nl/kennisbank/ethische-keuzes-zonder-protocol-wat-je-doet-als-regels-niet-toereikend-zijn/	1	2026-05-12 08:00 +00:00
https://bureauwenv.wizzinc-dev2.nl/kennisbank/verantwoord-online-gedrag-hoe-teams-samen-normen-bepalen-voor-communicatie/	1	2026-05-14 08:00 +00:00
https://bureauwenv.wizzinc-dev2.nl/kennisbank/de-rekensom-van-onveiligheid-wat-een-incidentje-jouw-organisatie-echt-kost/	1	2026-05-19 08:00 +00:00
https://bureauwenv.wizzinc-dev2.nl/kennisbank/de-stille-bewaker-hoe-je-werkplek-agressie-kan-uitlokken-of-juist-voorkomen/	1	2026-05-21 08:00 +00:00
https://bureauwenv.wizzinc-dev2.nl/kennisbank/de-emotionele-ehbo-koffer-van-je-team-wat-spreek-je-af-voordat-een-gesprek-ontspoort/	1	2026-05-26 08:00 +00:00
https://bureauwenv.wizzinc-dev2.nl/kennisbank/een-gat-in-het-rooster-is-een-gat-in-je-zorgplicht/	1	2026-05-28 08:00 +00:00
https://bureauwenv.wizzinc-dev2.nl/kennisbank/de-digitale-klap-hoe-je-professioneel-blijft-als-de-agressie-via-e-mail-komt/	1	2026-06-02 08:00 +00:00
https://bureauwenv.wizzinc-dev2.nl/kennisbank/de-sluipmoordenaar-van-het-team-waarom-roddelen-en-buitensluiten-gevaarlijker-zijn-dan-een-schreeuwende-klant/	1	2026-06-04 08:00 +00:00
https://bureauwenv.wizzinc-dev2.nl/kennisbank/de-ramptoerist-met-een-camera-wat-doe-je-als-je-werk-tijdens-een-crisis-wordt-gefilmd/	1	2026-06-09 08:00 +00:00
https://bureauwenv.wizzinc-dev2.nl/kennisbank/de-stille-sabotage-herkennen-van-en-omgaan-met-de-passief-agressieve-leidinggevende/	1	2026-06-11 08:00 +00:00
https://bureauwenv.wizzinc-dev2.nl/kennisbank/de-stoplichtmethode-voor-huisbezoeken-wanneer-is-het-rood-oranje-of-groen/	1	2026-06-16 08:00 +00:00
https://bureauwenv.wizzinc-dev2.nl/kennisbank/lsd-in-de-spreekkamer-hoe-je-regie-houdt-als-de-deur-dicht-is/	1	2026-06-18 08:00 +00:00
https://bureauwenv.wizzinc-dev2.nl/kennisbank/herken-de-fase-begrijp-het-type-de-agressieladder-en-het-verschil-tussen-frustratie-en-manipulatie/	1	2026-06-23 08:00 +00:00
https://bureauwenv.wizzinc-dev2.nl/kennisbank/waarom-niet-de-gebeurtenis-maar-je-gedachte-de-stress-bepaalt-het-g-model/	1	2026-06-25 08:00 +00:00
https://bureauwenv.wizzinc-dev2.nl/kennisbank/het-korte-lontje-van-nederland-waarom-agressie-in-2025-een-systeemprobleem-is-en-geen-incident/	1	2026-06-30 08:00 +00:00
https://bureauwenv.wizzinc-dev2.nl/kennisbank/je-hoofd-resetten-hoe-de-matrixmethode-emotionele-lading-neutraliseert/	1	2026-07-02 08:00 +00:00
https://bureauwenv.wizzinc-dev2.nl/trainingen/agressietraining-winkelmedewerkers-basis/	1	2026-08-04 11:34 +00:00
https://bureauwenv.wizzinc-dev2.nl/trainingen/agressietraining-winkelmedewerkers-gevorderd/	1	2026-08-04 11:34 +00:00
https://bureauwenv.wizzinc-dev2.nl/trainingen/agressietraining-winkelmedewerkers-expert/	1	2026-08-04 11:35 +00:00
https://bureauwenv.wizzinc-dev2.nl/trainingen/agressietraining-kassamedewerkers-baliemedewerkers-basis/	1	2026-08-04 11:35 +00:00
https://bureauwenv.wizzinc-dev2.nl/trainingen/agressietraining-kassamedewerkers-baliemedewerkers-gevorderd/	1	2026-08-04 11:35 +00:00
https://bureauwenv.wizzinc-dev2.nl/trainingen/agressietraining-kassamedewerkers-baliemedewerkers-expert/	1	2026-08-04 11:35 +00:00
https://bureauwenv.wizzinc-dev2.nl/trainingen/agressietraining-leraren-mbo-basis/	1	2026-08-04 11:35 +00:00
https://bureauwenv.wizzinc-dev2.nl/trainingen/agressietraining-leraren-mbo-gevorderd/	1	2026-08-04 11:35 +00:00
https://bureauwenv.wizzinc-dev2.nl/trainingen/agressietraining-leraren-mbo-expert/	1	2026-08-04 11:35 +00:00
https://bureauwenv.wizzinc-dev2.nl/trainingen/agressietraining-leraren-voortgezet-onderwijs-basis/	1	2026-08-04 11:35 +00:00
https://bureauwenv.wizzinc-dev2.nl/trainingen/agressietraining-leraren-voortgezet-onderwijs-gevorderd/	1	2026-08-04 11:35 +00:00
https://bureauwenv.wizzinc-dev2.nl/trainingen/agressietraining-leraren-voortgezet-onderwijs-expert/	1	2026-08-04 11:35 +00:00
https://bureauwenv.wizzinc-dev2.nl/trainingen/agressietraining-huisartsassistenten-basis/	1	2026-08-04 11:35 +00:00
https://bureauwenv.wizzinc-dev2.nl/trainingen/agressietraining-huisartsassistenten-gevorderd/	1	2026-08-04 11:35 +00:00
https://bureauwenv.wizzinc-dev2.nl/trainingen/agressietraining-huisartsassistenten-expert/	1	2026-08-04 11:35 +00:00
https://bureauwenv.wizzinc-dev2.nl/trainingen/agressietraining-ambulancemedewerkers-basis/	1	2026-08-04 11:35 +00:00
https://bureauwenv.wizzinc-dev2.nl/trainingen/agressietraining-ambulancemedewerkers-gevorderd/	1	2026-08-04 11:35 +00:00
https://bureauwenv.wizzinc-dev2.nl/trainingen/agressietraining-ambulancemedewerkers-expert/	1	2026-08-04 11:35 +00:00
https://bureauwenv.wizzinc-dev2.nl/trainingen/gevorderde-agressietraining-voor-medewerkers-bij-de-sociale-dienst-en-uitkeringsinstanties/	1	2026-08-04 11:35 +00:00
https://bureauwenv.wizzinc-dev2.nl/trainingen/agressietraining-voor-medewerkers-bij-de-sociale-dienst-en-uitkeringsinstanties/	1	2026-08-04 11:35 +00:00
https://bureauwenv.wizzinc-dev2.nl/trainingen/expert-agressietraining-voor-leidinggevenden-bij-gemeenten-en-publieke-dienstverlening/	1	2026-08-04 11:35 +00:00
https://bureauwenv.wizzinc-dev2.nl/trainingen/agressietraining-voor-medewerkers-aan-het-gemeenteloket-en-de-publieksbalie/	1	2026-08-04 11:36 +00:00
https://bureauwenv.wizzinc-dev2.nl/trainingen/gevorderde-agressietraining-voor-medewerkers-aan-het-gemeenteloket-en-de-publieksbalie/	1	2026-08-04 11:36 +00:00
https://bureauwenv.wizzinc-dev2.nl/trainingen/agressietraining-voor-treinpersoneel-conducteurs-en-metro-en-trambestuurders/	1	2026-08-04 11:36 +00:00
https://bureauwenv.wizzinc-dev2.nl/trainingen/gevorderde-agressietraining-voor-treinpersoneel-conducteurs-en-metro-en-trambestuurders/	1	2026-08-04 11:36 +00:00
https://bureauwenv.wizzinc-dev2.nl/trainingen/expert-agressietraining-voor-leidinggevenden-in-het-rail-en-stadsvervoer/	1	2026-08-04 11:36 +00:00
https://bureauwenv.wizzinc-dev2.nl/trainingen/agressietraining-buschauffeurs-basis/	1	2026-08-04 11:36 +00:00
https://bureauwenv.wizzinc-dev2.nl/trainingen/agressietraining-buschauffeurs-gevorderd/	1	2026-08-04 11:36 +00:00
https://bureauwenv.wizzinc-dev2.nl/trainingen/expert-agressietraining-voor-leidinggevenden-in-het-ov/	1	2026-08-04 11:36 +00:00
https://bureauwenv.wizzinc-dev2.nl/trainingen/agressietraining-horecaportiers-uitsmijters-basis/	1	2026-08-04 11:36 +00:00
https://bureauwenv.wizzinc-dev2.nl/trainingen/agressietraining-horecaportiers-uitsmijters-gevorderd/	1	2026-08-04 11:36 +00:00
https://bureauwenv.wizzinc-dev2.nl/trainingen/agressietraining-horecaportiers-uitsmijters-expert/	1	2026-08-04 11:36 +00:00
https://bureauwenv.wizzinc-dev2.nl/trainingen/agressietraining-evenementenbeveiligers-basis/	1	2026-08-04 11:37 +00:00
https://bureauwenv.wizzinc-dev2.nl/trainingen/agressietraining-evenementenbeveiligers-gevorderd/	1	2026-08-04 11:37 +00:00
https://bureauwenv.wizzinc-dev2.nl/trainingen/agressietraining-evenementenbeveiligers-expert/	1	2026-08-04 11:37 +00:00
https://bureauwenv.wizzinc-dev2.nl/trainingen/agressietraining-filiaalmanagers-teamleiders-retail/	1	2026-08-04 11:37 +00:00
https://bureauwenv.wizzinc-dev2.nl/trainingen/gevorderde-agressietraining-voor-filiaalmanagers/	1	2026-08-04 11:37 +00:00
https://bureauwenv.wizzinc-dev2.nl/trainingen/expert-agressietraining-leidinggevenden-expert/	1	2026-08-04 11:37 +00:00
https://bureauwenv.wizzinc-dev2.nl/trainingen/agressietraining-voor-maatschappelijk-werkers/	1	2026-08-04 11:37 +00:00
https://bureauwenv.wizzinc-dev2.nl/trainingen/expert-agressietraining-voor-leidinggevenden-in-incasso-en-schuldhulpverlening/	1	2026-08-04 11:37 +00:00
https://bureauwenv.wizzinc-dev2.nl/trainingen/gevorderde-agressietraining-voor-incasso-en-schuldbehandelaars/	1	2026-08-04 11:37 +00:00
https://bureauwenv.wizzinc-dev2.nl/trainingen/agressietraining-voor-incasso-en-schuldbehandelaars/	1	2026-08-04 11:37 +00:00
https://bureauwenv.wizzinc-dev2.nl/trainingen/expert-agressietraining-voor-leidinggevenden-in-de-verzekeringsbranche/	1	2026-08-04 11:37 +00:00
https://bureauwenv.wizzinc-dev2.nl/trainingen/gevorderde-agressietraining-voor-verzekeringsmedewerkers/	1	2026-08-04 11:37 +00:00
https://bureauwenv.wizzinc-dev2.nl/trainingen/agressietraining-voor-verzekeringsmedewerkers/	1	2026-08-04 11:37 +00:00
https://bureauwenv.wizzinc-dev2.nl/trainingen/expert-agressietraining-voor-leidinggevenden-in-hypotheek-en-kredietadvies/	1	2026-08-04 11:37 +00:00
https://bureauwenv.wizzinc-dev2.nl/trainingen/gevorderde-agressietraining-voor-hypotheek-en-kredietadviseurs/	1	2026-08-04 11:37 +00:00
https://bureauwenv.wizzinc-dev2.nl/trainingen/agressietraining-voor-hypotheek-en-kredietadviseurs-copy/	1	2026-08-04 11:37 +00:00
https://bureauwenv.wizzinc-dev2.nl/trainingen/expert-agressietraining-voor-leidinggevenden-in-de-financiele-dienstverlening-copy/	1	2026-08-04 11:37 +00:00
https://bureauwenv.wizzinc-dev2.nl/trainingen/gevorderde-agressietraining-voor-bankmedewerkers-en-baliepersoneel/	1	2026-08-04 11:37 +00:00
https://bureauwenv.wizzinc-dev2.nl/trainingen/agressietraining-voor-bankmedewerkers-en-baliepersoneel/	1	2026-08-04 11:37 +00:00
https://bureauwenv.wizzinc-dev2.nl/trainingen/expert-agressietraining-voor-leidinggevenden-in-de-handhaving/	1	2026-08-04 11:37 +00:00
https://bureauwenv.wizzinc-dev2.nl/trainingen/gevorderde-agressietraining-voor-handhavers-en-boas/	1	2026-08-04 11:37 +00:00
https://bureauwenv.wizzinc-dev2.nl/trainingen/expert-agressietraining-voor-medewerkers-bij-de-belastingdienst/	1	2026-08-04 11:37 +00:00
https://bureauwenv.wizzinc-dev2.nl/trainingen/agressietraining-voor-handhavers-en-boas/	1	2026-08-04 11:37 +00:00
https://bureauwenv.wizzinc-dev2.nl/trainingen/gevorderde-agressietraining-voor-medewerkers-bij-de-belastingdienst/	1	2026-08-04 11:37 +00:00
https://bureauwenv.wizzinc-dev2.nl/trainingen/agressietraining-voor-medewerkers-bij-de-belastingdienst/	1	2026-08-04 11:37 +00:00
https://bureauwenv.wizzinc-dev2.nl/trainingen/expert-agressietraining-voor-leidinggevenden-bij-de-sociale-dienst-en-uitkeringsinstanties/	1	2026-08-04 11:37 +00:00
https://bureauwenv.wizzinc-dev2.nl/trainingen/expert-agressietraining-voor-leidinggevenden-over-buurtbeheerders-en-opzichters-bij-woningcorporaties/	1	2026-08-04 11:37 +00:00
https://bureauwenv.wizzinc-dev2.nl/trainingen/gevorderde-agressietraining-voor-buurtbeheerders-en-opzichters-bij-woningcorporaties/	1	2026-08-04 11:37 +00:00
https://bureauwenv.wizzinc-dev2.nl/trainingen/agressietraining-voor-buurtbeheerders-en-opzichters-bij-woningcorporaties/	1	2026-08-04 11:37 +00:00
https://bureauwenv.wizzinc-dev2.nl/trainingen/agressietraining-voor-medewerkers-klantcontact-en-woonconsulenten-bij-woningcorporaties/	1	2026-08-04 11:37 +00:00
https://bureauwenv.wizzinc-dev2.nl/trainingen/expert-agressietraining-voor-leidinggevenden-in-sportaccommodaties-en-zwembaden/	1	2026-08-04 11:37 +00:00
https://bureauwenv.wizzinc-dev2.nl/trainingen/gevorderde-agressietraining-voor-medewerkers-in-sportaccommodaties-en-zwembaden/	1	2026-08-04 11:37 +00:00
https://bureauwenv.wizzinc-dev2.nl/trainingen/agressietraining-voor-medewerkers-in-sportaccommodaties-en-zwembaden/	1	2026-08-04 11:37 +00:00
https://bureauwenv.wizzinc-dev2.nl/trainingen/gevorderde-agressietraining-voor-medewerkers-klantcontact-en-woonconsulenten-bij-woningcorporaties/	1	2026-08-04 11:38 +00:00
https://bureauwenv.wizzinc-dev2.nl/trainingen/expert-agressietraining-voor-leidinggevenden-bij-woningcorporaties/	1	2026-08-04 11:38 +00:00
https://bureauwenv.wizzinc-dev2.nl/trainingen/expert-agressietraining-voor-leidinggevenden-in-de-thuiszorg-en-wijkverpleging/	1	2026-08-04 11:38 +00:00
https://bureauwenv.wizzinc-dev2.nl/trainingen/gevorderde-agressietraining-voor-thuiszorgmedewerkers-verzorgenden-en-wijkverpleegkundigen/	1	2026-08-04 11:38 +00:00
https://bureauwenv.wizzinc-dev2.nl/trainingen/agressietraining-voor-thuiszorgmedewerkers-verzorgenden-en-wijkverpleegkundigen/	1	2026-08-04 11:38 +00:00
https://bureauwenv.wizzinc-dev2.nl/trainingen/expert-agressietraining-voor-zorgmedewerkers-in-verpleeghuizen-en-ouderenzorg/	1	2026-08-04 11:38 +00:00
https://bureauwenv.wizzinc-dev2.nl/trainingen/gevorderde-agressietraining-voor-leidinggevenden-in-verpleeghuizen-en-ouderenzorg/	1	2026-08-04 11:38 +00:00
https://bureauwenv.wizzinc-dev2.nl/trainingen/agressietraining-voor-zorgmedewerkers-in-verpleeghuizen-en-ouderenzorg/	1	2026-08-04 11:38 +00:00
https://bureauwenv.wizzinc-dev2.nl/trainingen/gevorderde-agressietraining-voor-bediening-gastheren-en-gastvrouwen-in-de-horeca/	1	2026-08-04 11:38 +00:00
https://bureauwenv.wizzinc-dev2.nl/trainingen/expert-agressietraining-voor-horecamanagers-en-leidinggevenden/	1	2026-08-04 11:38 +00:00
https://bureauwenv.wizzinc-dev2.nl/trainingen/agressietraining-voor-bediening-gastheren-en-gastvrouwen-in-de-horeca/	1	2026-08-04 11:38 +00:00
https://bureauwenv.wizzinc-dev2.nl/trainingen/expert-agressietraining-voor-leidinggevenden-in-het-maatschappelijk-werk/	1	2026-08-04 11:38 +00:00
https://bureauwenv.wizzinc-dev2.nl/trainingen/gevorderde-agressietraining-voor-maatschappelijk-werkers/	1	2026-08-04 11:38 +00:00
https://bureauwenv.wizzinc-dev2.nl/trainingen/agressietraining-voor-bibliotheekmedewerkers-met-een-balie-en-publieksfunctie/	1	2026-08-04 12:03 +00:00
https://bureauwenv.wizzinc-dev2.nl/trainingen/gevorderde-agressietraining-voor-bibliotheekmedewerkers-met-een-balie-en-publieksfunctie/	1	2026-08-04 12:04 +00:00
https://bureauwenv.wizzinc-dev2.nl/trainingen/expert-agressietraining-voor-vestigingsmanagers-en-leidinggevenden-in-bibliotheken/	1	2026-08-04 12:05 +00:00
https://bureauwenv.wizzinc-dev2.nl/trainingen/agressietraining-voor-taxichauffeurs/	1	2026-08-04 12:06 +00:00
https://bureauwenv.wizzinc-dev2.nl/trainingen/gevorderde-agressietraining-voor-taxichauffeurs/	1	2026-08-04 12:06 +00:00
https://bureauwenv.wizzinc-dev2.nl/trainingen/expert-agressietraining-voor-leidinggevenden-bij-taxibedrijven-en-personenvervoerders/	1	2026-08-04 12:07 +00:00
https://bureauwenv.wizzinc-dev2.nl/trainingen/agressietraining-voor-bezorgers-in-pakket-en-maaltijdbezorging/	1	2026-08-04 12:36 +00:00
https://bureauwenv.wizzinc-dev2.nl/trainingen/gevorderde-agressietraining-voor-bezorgers-in-pakket-en-maaltijdbezorging/	1	2026-08-04 12:38 +00:00
https://bureauwenv.wizzinc-dev2.nl/trainingen/expert-agressietraining-voor-leidinggevenden-bij-bezorgdiensten/	1	2026-08-04 12:39 +00:00
https://bureauwenv.wizzinc-dev2.nl/trainingen/agressietraining-voor-medewerkers-van-de-ggd-en-publieke-gezondheidszorg/	1	2026-08-04 12:39 +00:00
https://bureauwenv.wizzinc-dev2.nl/trainingen/gevorderde-agressietraining-voor-medewerkers-van-de-ggd-en-publieke-gezondheidszorg/	1	2026-08-04 12:40 +00:00
https://bureauwenv.wizzinc-dev2.nl/trainingen/expert-agressietraining-voor-leidinggevenden-bij-de-ggd-en-publieke-gezondheidszorg/	1	2026-08-04 12:41 +00:00
https://bureauwenv.wizzinc-dev2.nl/trainingen/agressietraining-voor-dierenartsen-en-medewerkers-van-dierklinieken/	1	2026-08-04 12:41 +00:00
https://bureauwenv.wizzinc-dev2.nl/trainingen/gevorderde-agressietraining-voor-dierenartsen-en-medewerkers-van-dierklinieken/	1	2026-08-04 12:42 +00:00
https://bureauwenv.wizzinc-dev2.nl/trainingen/expert-agressietraining-voor-praktijkhouders-en-leidinggevenden-van-dierklinieken/	1	2026-08-04 12:43 +00:00
https://bureauwenv.wizzinc-dev2.nl/trainingen/agressietraining-voor-reclasseringsmedewerkers/	1	2026-08-04 13:22 +00:00
https://bureauwenv.wizzinc-dev2.nl/trainingen/gevorderde-agressietraining-voor-reclasseringsmedewerkers/	1	2026-08-04 13:23 +00:00
https://bureauwenv.wizzinc-dev2.nl/trainingen/expert-agressietraining-voor-leidinggevenden-in-de-reclassering/	1	2026-08-04 13:23 +00:00
https://bureauwenv.wizzinc-dev2.nl/trainingen/agressietraining-voor-medewerkers-van-energie-en-nutsbedrijven-met-huisbezoeken/	1	2026-08-04 13:24 +00:00
https://bureauwenv.wizzinc-dev2.nl/trainingen/gevorderde-agressietraining-voor-medewerkers-van-energie-en-nutsbedrijven-met-huisbezoeken/	1	2026-08-04 13:24 +00:00
https://bureauwenv.wizzinc-dev2.nl/trainingen/expert-agressietraining-voor-leidinggevenden-bij-energie-en-nutsbedrijven/	1	2026-08-04 13:25 +00:00
https://bureauwenv.wizzinc-dev2.nl/trainingen/agressietraining-voor-apotheekmedewerkers/	1	2026-08-04 13:25 +00:00
https://bureauwenv.wizzinc-dev2.nl/trainingen/gevorderde-agressietraining-voor-apotheekmedewerkers/	1	2026-08-04 13:25 +00:00
https://bureauwenv.wizzinc-dev2.nl/trainingen/expert-agressietraining-voor-apothekers-en-leidinggevenden-van-apotheken/	1	2026-08-04 13:26 +00:00
https://bureauwenv.wizzinc-dev2.nl/trainingen/agressietraining-begeleiders-woonbegeleiding-gehandicaptenzorg-basis/	1	2026-08-04 13:47 +00:00
https://bureauwenv.wizzinc-dev2.nl/trainingen/gevorderde-agressietraining-voor-begeleiders-en-agogisch-medewerkers-in-de-woonbegeleiding-gehandicaptenzorg/	1	2026-08-04 13:48 +00:00
https://bureauwenv.wizzinc-dev2.nl/trainingen/expert-agressietraining-voor-leidinggevenden-in-de-woonbegeleiding-gehandicaptenzorg/	1	2026-08-04 13:49 +00:00
https://bureauwenv.wizzinc-dev2.nl/trainingen/agressietraining-voor-persoonlijk-begeleiders-pb-ers-in-de-gehandicaptenzorg/	1	2026-08-04 14:41 +00:00
https://bureauwenv.wizzinc-dev2.nl/trainingen/gevorderde-agressietraining-voor-persoonlijk-begeleiders-pb-ers-in-de-gehandicaptenzorg/	1	2026-08-04 14:45 +00:00
https://bureauwenv.wizzinc-dev2.nl/trainingen/agressietraining-voor-gedragsdeskundigen-en-orthopedagogen-in-de-gehandicaptenzorg/	1	2026-08-04 14:46 +00:00
https://bureauwenv.wizzinc-dev2.nl/trainingen/gevorderde-agressietraining-voor-gedragsdeskundigen-en-orthopedagogen-in-de-gehandicaptenzorg/	1	2026-08-04 14:46 +00:00
https://bureauwenv.wizzinc-dev2.nl/trainingen/expert-agressietraining-voor-leidinggevenden-over-persoonlijk-begeleiders-in-de-gehandicaptenzorg/	1	2026-08-04 14:47 +00:00
https://bureauwenv.wizzinc-dev2.nl/trainingen/agressietraining-voor-medewerkers-van-justitiele-jeugdinrichtingen/	1	2026-08-04 14:47 +00:00
https://bureauwenv.wizzinc-dev2.nl/trainingen/gevorderde-agressietraining-voor-medewerkers-van-justitiele-jeugdinrichtingen/	1	2026-08-04 14:48 +00:00
https://bureauwenv.wizzinc-dev2.nl/trainingen/expert-agressietraining-voor-leidinggevenden-in-justitiele-jeugdinrichtingen/	1	2026-08-04 14:48 +00:00
https://bureauwenv.wizzinc-dev2.nl/trainingen/expert-agressietraining-voor-leidinggevenden-over-gedragsdeskundigen-en-orthopedagogen-in-de-gehandicaptenzorg/	1	2026-08-10 06:11 +00:00
https://bureauwenv.wizzinc-dev2.nl/trainingen/agressietraining-voor-medewerkers-van-asielzoekerscentra-en-coa-locaties/	1	2026-08-10 06:48 +00:00
https://bureauwenv.wizzinc-dev2.nl/trainingen/gevorderde-agressietraining-voor-medewerkers-van-asielzoekerscentra-en-coa-locaties/	1	2026-08-10 06:49 +00:00
https://bureauwenv.wizzinc-dev2.nl/trainingen/expert-agressietraining-voor-leidinggevenden-bij-asielzoekerscentra-en-coa-locaties/	1	2026-08-10 06:50 +00:00
https://bureauwenv.wizzinc-dev2.nl/trainingen/agressietraining-voor-leerplichtambtenaren/	1	2026-08-10 06:50 +00:00
https://bureauwenv.wizzinc-dev2.nl/trainingen/gevorderde-agressietraining-voor-leerplichtambtenaren/	1	2026-08-10 06:51 +00:00
https://bureauwenv.wizzinc-dev2.nl/trainingen/expert-agressietraining-voor-leidinggevenden-over-leerplichtambtenaren/	1	2026-08-10 06:52 +00:00
https://bureauwenv.wizzinc-dev2.nl/trainingen/agressietraining-voor-uitvaartmedewerkers-en-begrafenisondernemers/	1	2026-08-10 09:25 +00:00
https://bureauwenv.wizzinc-dev2.nl/trainingen/gevorderde-agressietraining-voor-uitvaartmedewerkers-en-begrafenisondernemers/	1	2026-08-10 09:26 +00:00
https://bureauwenv.wizzinc-dev2.nl/trainingen/expert-agressietraining-voor-uitvaartondernemers-en-leidinggevenden-in-de-uitvaartbranche/	1	2026-08-10 09:27 +00:00
https://bureauwenv.wizzinc-dev2.nl/trainingen/agressietraining-voor-medewerkers-van-de-sociale-dienst-en-participatiewet/	1	2026-08-10 09:27 +00:00
https://bureauwenv.wizzinc-dev2.nl/trainingen/gevorderde-agressietraining-voor-medewerkers-van-de-sociale-dienst-en-participatiewet/	1	2026-08-10 09:28 +00:00
https://bureauwenv.wizzinc-dev2.nl/trainingen/expert-agressietraining-voor-leidinggevenden-bij-de-sociale-dienst-en-participatiewet/	1	2026-08-10 09:29 +00:00
https://bureauwenv.wizzinc-dev2.nl/trainingen/agressietraining-voor-parkeerwachters-en-toezichthouders-in-de-openbare-ruimte/	1	2026-08-10 09:59 +00:00
https://bureauwenv.wizzinc-dev2.nl/trainingen/gevorderde-agressietraining-voor-parkeerwachters-en-toezichthouders-in-de-openbare-ruimte/	1	2026-08-10 10:00 +00:00
https://bureauwenv.wizzinc-dev2.nl/trainingen/expert-agressietraining-voor-leidinggevenden-over-parkeerwachters-en-toezichthouders-in-de-openbare-ruimte/	1	2026-08-10 10:00 +00:00
https://bureauwenv.wizzinc-dev2.nl/trainingen/agressietraining-voor-medewerkers-vergunningverlening-en-bezwaar-beroep/	1	2026-08-10 10:01 +00:00
https://bureauwenv.wizzinc-dev2.nl/trainingen/gevorderde-agressietraining-voor-medewerkers-vergunningverlening-en-bezwaar-beroep/	1	2026-08-10 10:01 +00:00
https://bureauwenv.wizzinc-dev2.nl/trainingen/expert-agressietraining-voor-leidinggevenden-vergunningverlening-en-bezwaar-beroep/	1	2026-08-10 10:02 +00:00
